<annotation>
	<folder>train</folder>
	<filename>11.png</filename>
	<path>C:\Users\AORUS\Downloads\images-20240119T093046Z-001\train\11.png</path>
	<source>
		<database>Unknown</database>
	</source>
	<size>
		<width>1328</width>
		<height>1770</height>
		<depth>3</depth>
	</size>
	<segmented>0</segmented>
	<object>
		<name>0</name>
		<pose>Unspecified</pose>
		<truncated>0</truncated>
		<difficult>0</difficult>
		<bndbox>
			<xmin>537</xmin>
			<ymin>748</ymin>
			<xmax>605</xmax>
			<ymax>864</ymax>
		</bndbox>
	</object>
	<object>
		<name>1</name>
		<pose>Unspecified</pose>
		<truncated>0</truncated>
		<difficult>0</difficult>
		<bndbox>
			<xmin>680</xmin>
			<ymin>757</ymin>
			<xmax>739</xmax>
			<ymax>868</ymax>
		</bndbox>
	</object>
	<object>
		<name>3</name>
		<pose>Unspecified</pose>
		<truncated>0</truncated>
		<difficult>0</difficult>
		<bndbox>
			<xmin>746</xmin>
			<ymin>757</ymin>
			<xmax>791</xmax>
			<ymax>872</ymax>
		</bndbox>
	</object>
	<object>
		<name>8</name>
		<pose>Unspecified</pose>
		<truncated>0</truncated>
		<difficult>0</difficult>
		<bndbox>
			<xmin>794</xmin>
			<ymin>757</ymin>
			<xmax>862</xmax>
			<ymax>893</ymax>
		</bndbox>
	</object>
</annotation>
