<annotation>
	<folder>train</folder>
	<filename>12 (2).jpg</filename>
	<path>C:\Users\AORUS\Downloads\images-20240119T093046Z-001\train\12 (2).jpg</path>
	<source>
		<database>Unknown</database>
	</source>
	<size>
		<width>1125</width>
		<height>2000</height>
		<depth>3</depth>
	</size>
	<segmented>0</segmented>
	<object>
		<name>0</name>
		<pose>Unspecified</pose>
		<truncated>0</truncated>
		<difficult>0</difficult>
		<bndbox>
			<xmin>524</xmin>
			<ymin>869</ymin>
			<xmax>573</xmax>
			<ymax>940</ymax>
		</bndbox>
	</object>
	<object>
		<name>1</name>
		<pose>Unspecified</pose>
		<truncated>0</truncated>
		<difficult>0</difficult>
		<bndbox>
			<xmin>604</xmin>
			<ymin>869</ymin>
			<xmax>661</xmax>
			<ymax>938</ymax>
		</bndbox>
	</object>
	<object>
		<name>9</name>
		<pose>Unspecified</pose>
		<truncated>0</truncated>
		<difficult>0</difficult>
		<bndbox>
			<xmin>665</xmin>
			<ymin>871</ymin>
			<xmax>706</xmax>
			<ymax>942</ymax>
		</bndbox>
	</object>
	<object>
		<name>3</name>
		<pose>Unspecified</pose>
		<truncated>0</truncated>
		<difficult>0</difficult>
		<bndbox>
			<xmin>704</xmin>
			<ymin>873</ymin>
			<xmax>755</xmax>
			<ymax>938</ymax>
		</bndbox>
	</object>
</annotation>
